{
  "train_loss": [
    0.5674116011256369,
    0.4130190470229799,
    0.37949814856330927,
    0.36284795090138355,
    0.35575664725816136,
    0.3375865276032519,
    0.3355340976442132,
    0.320341876385925,
    0.305960973010999,
    0.30202985095365026,
    0.29673568841731435,
    0.2965673211021958
  ],
  "val_loss": [
    0.38487837298048866,
    0.3249189666023961,
    0.3087537931623282,
    0.30320017481291733,
    0.29155550372821315,
    0.279354576435354,
    0.2720414044128524,
    0.2588591296915655,
    0.252243650732217,
    0.24373222142457962,
    0.23784715958215571,
    0.23513578706317478
  ],
  "train_acc": [
    29.039812646370024,
    53.22014051522248,
    54.874121779859486,
    58.89929742388759,
    59.04566744730679,
    59.4847775175644,
    59.44086651053864,
    60.80210772833723,
    61.8559718969555,
    62.836651053864166,
    64.3735362997658,
    64.3003512880562
  ],
  "val_acc": [
    42.33021077283372,
    50.409836065573764,
    56.850117096018735,
    57.31850117096019,
    56.440281030444964,
    58.95784543325527,
    57.96252927400468,
    59.54332552693209,
    60.53864168618267,
    60.7728337236534,
    61.7096018735363,
    63.58313817330211
  ],
  "macro_f1": [
    0.3256741066174861,
    0.39066431576593674,
    0.43148686269032555,
    0.43474419593966884,
    0.4417250055966545,
    0.4655283319507585,
    0.45703865283415723,
    0.4810167596833234,
    0.48251527383659515,
    0.4957770457455524,
    0.5053303551996216,
    0.5173076261721228
  ],
  "weighted_f1": [
    0.5004884390458715,
    0.5828475362925513,
    0.6280763375311532,
    0.6331345071544051,
    0.6268310474940719,
    0.6472964115900101,
    0.6371800015114459,
    0.6549431979526584,
    0.6590080398738503,
    0.663326887465015,
    0.6699447686429574,
    0.6837200689381233
  ],
  "lr": [
    0.0003,
    0.00029795419551040833,
    0.00029187258625509513,
    3.3333333333333333e-06,
    6.666666666666667e-06,
    1e-05,
    9.874639560909118e-06,
    9.504844339512096e-06,
    8.90915741234015e-06,
    8.117449009293668e-06,
    7.169418695587791e-06,
    6.112604669781572e-06
  ],
  "f1_Normal": [
    0.4097693351424695,
    0.3746130030959752,
    0.47873633049817743,
    0.4792176039119804,
    0.4447334200260078,
    0.4719387755102041,
    0.44213263979193757,
    0.46318607764390896,
    0.4625322997416021,
    0.4930817610062893,
    0.4613333333333333,
    0.5353418308227115
  ],
  "f1_Diabetes/DR": [
    0.5791798107255521,
    0.705208929593589,
    0.7322222222222223,
    0.7390581717451523,
    0.7384105960264901,
    0.755604155276107,
    0.7517808219178083,
    0.7664670658682634,
    0.7730458221024259,
    0.7658643326039387,
    0.7843766720171215,
    0.7786840674279499
  ],
  "f1_Glaucoma": [
    0.18787878787878787,
    0.2102102102102102,
    0.21492537313432838,
    0.2360655737704918,
    0.2360248447204969,
    0.28368794326241137,
    0.2857142857142857,
    0.3,
    0.28859060402684567,
    0.32786885245901637,
    0.34558823529411764,
    0.3463203463203463
  ],
  "f1_Cataract": [
    0.32448377581120946,
    0.5213270142180095,
    0.53,
    0.5445544554455446,
    0.5966850828729282,
    0.608695652173913,
    0.5863874345549738,
    0.650887573964497,
    0.64,
    0.6514285714285714,
    0.6909090909090908,
    0.6590909090909091
  ],
  "f1_AMD": [
    0.12705882352941178,
    0.1419624217118998,
    0.20155038759689925,
    0.17482517482517482,
    0.19277108433734938,
    0.20771513353115725,
    0.2191780821917808,
    0.22454308093994776,
    0.2484076433121019,
    0.2406417112299465,
    0.24444444444444446,
    0.2671009771986971
  ]
}