val_accuracy,macro_f1,weighted_f1,macro_auc,f1_Normal,f1_Diabetes/DR,f1_Glaucoma,f1_Cataract,f1_AMD
63.52459016393443,0.5167144001618663,0.6829261287430552,0.9097520423663925,0.5325581395348837,0.7785016286644951,0.3463203463203463,0.6590909090909091,0.2671009771986971
