{
  "optimal_thresholds": {
    "0": 0.25000000000000006,
    "1": 0.14,
    "2": 0.6700000000000002,
    "3": 0.7900000000000001,
    "4": 0.7200000000000002
  },
  "baseline": {
    "accuracy": 63.52459016393443,
    "macro_f1": 0.5167144001618663,
    "weighted_f1": 0.6829261287430552,
    "per_class_f1": {
      "Normal": 0.5325581395348837,
      "Diabetes/DR": 0.7785016286644951,
      "Glaucoma": 0.3463203463203463,
      "Cataract": 0.6590909090909091,
      "AMD": 0.2671009771986971
    }
  },
  "optimized": {
    "accuracy": 73.36065573770492,
    "macro_f1": 0.6318916872189246,
    "weighted_f1": 0.7503824296337439,
    "per_class_f1": {
      "Normal": 0.6209453197405005,
      "Diabetes/DR": 0.8265568708183222,
      "Glaucoma": 0.46616541353383456,
      "Cataract": 0.7215189873417721,
      "AMD": 0.5242718446601942
    }
  }
}