{
  "baseline_argmax": {
    "accuracy": 63.52459016393443,
    "macro_f1": 0.5167144001618663,
    "per_class_f1": {
      "Normal": 0.5325581395348837,
      "Diabetes/DR": 0.7785016286644951,
      "Glaucoma": 0.3463203463203463,
      "Cataract": 0.6590909090909091,
      "AMD": 0.2671009771986971
    }
  },
  "tta_argmax": {
    "accuracy": 64.5784543325527,
    "macro_f1": 0.5253616143929996,
    "per_class_f1": {
      "Normal": 0.5450399087799316,
      "Diabetes/DR": 0.7835497835497836,
      "Glaucoma": 0.3659574468085106,
      "Cataract": 0.6516853932584269,
      "AMD": 0.2805755395683453
    }
  },
  "baseline_thresh": {
    "accuracy": 73.36065573770492,
    "macro_f1": 0.6318916872189246,
    "per_class_f1": {
      "Normal": 0.6209453197405005,
      "Diabetes/DR": 0.8265568708183222,
      "Glaucoma": 0.46616541353383456,
      "Cataract": 0.7215189873417721,
      "AMD": 0.5242718446601942
    }
  },
  "tta_thresh": {
    "accuracy": 73.65339578454333,
    "macro_f1": 0.6307969378678832,
    "per_class_f1": {
      "Normal": 0.6307129798903107,
      "Diabetes/DR": 0.8263781555899021,
      "Glaucoma": 0.4732824427480916,
      "Cataract": 0.7125,
      "AMD": 0.5111111111111112
    }
  }
}