{
  "total_samples": 8540,
  "train_samples": 6832,
  "val_samples": 1708,
  "class_distribution": {
    "Normal": 2071,
    "Diabetes/DR": 5581,
    "Glaucoma": 308,
    "Cataract": 315,
    "AMD": 265
  },
  "imbalance_ratio": 21.060377358490566,
  "majority_class": "Diabetes/DR",
  "minority_class": "AMD",
  "image_quality_summary": {
    "Normal": {
      "mean_brightness": 74.2615702972412,
      "mean_contrast": 45.06047710036124,
      "mean_sharpness": 250.98062233488238,
      "n_analyzed": 500
    },
    "Diabetes/DR": {
      "mean_brightness": 74.33300602147818,
      "mean_contrast": 43.45752471756568,
      "mean_sharpness": 142.32712094558212,
      "n_analyzed": 500
    },
    "Glaucoma": {
      "mean_brightness": 63.05862144371132,
      "mean_contrast": 39.20542407259573,
      "mean_sharpness": 208.27736358408484,
      "n_analyzed": 308
    },
    "Cataract": {
      "mean_brightness": 84.31833860609267,
      "mean_contrast": 49.75237632921121,
      "mean_sharpness": 324.55637377069587,
      "n_analyzed": 315
    },
    "AMD": {
      "mean_brightness": 84.27533850040076,
      "mean_contrast": 49.69167245915893,
      "mean_sharpness": 296.300664607905,
      "n_analyzed": 265
    }
  },
  "model_metrics": {
    "macro_f1": 0.5167144001618663,
    "weighted_f1": 0.6829261287430552,
    "macro_auc": 0.9097520423663925,
    "per_class_f1": {
      "Normal": 0.5325581395348837,
      "Diabetes/DR": 0.7785016286644951,
      "Glaucoma": 0.3463203463203463,
      "Cataract": 0.6590909090909091,
      "AMD": 0.2671009771986971
    },
    "per_class_accuracy": {
      "Normal": 0.5531400966183575,
      "Diabetes/DR": 0.6424731182795699,
      "Glaucoma": 0.6451612903225806,
      "Cataract": 0.9206349206349206,
      "AMD": 0.7735849056603774
    }
  },
  "augmentation_experiments": {
    "baseline": {
      "epoch": 5,
      "macro_f1": 0.4565997835312391,
      "weighted_f1": 0.6200008993827383,
      "accuracy": 55.15222482435597,
      "per_class_f1": [
        0.469361147327249,
        0.714694110920526,
        0.2903225806451613,
        0.6190476190476191,
        0.1895734597156398
      ]
    },
    "strong_aug": {
      "epoch": 5,
      "macro_f1": 0.44797866240475576,
      "weighted_f1": 0.6409184919922665,
      "accuracy": 58.430913348946135,
      "per_class_f1": [
        0.4173441734417344,
        0.7685774946921443,
        0.2625482625482626,
        0.5952380952380952,
        0.19618528610354224
      ]
    },
    "light_aug": {
      "epoch": 5,
      "macro_f1": 0.4643154905402054,
      "weighted_f1": 0.6573745008475318,
      "accuracy": 60.48009367681498,
      "per_class_f1": [
        0.43360433604336046,
        0.785599140247179,
        0.3065134099616858,
        0.5370370370370371,
        0.2588235294117647
      ]
    },
    "geometric_only": {
      "epoch": 5,
      "macro_f1": 0.4204760787219481,
      "weighted_f1": 0.5841104410974699,
      "accuracy": 50.64402810304449,
      "per_class_f1": [
        0.31088082901554404,
        0.7197271176805002,
        0.29850746268656714,
        0.6249999999999999,
        0.14826498422712936
      ]
    }
  },
  "best_augmentation_strategy": "light_aug"
}