{
  "baseline": {
    "epoch": 5,
    "macro_f1": 0.4565997835312391,
    "weighted_f1": 0.6200008993827383,
    "accuracy": 55.15222482435597,
    "per_class_f1": [
      0.469361147327249,
      0.714694110920526,
      0.2903225806451613,
      0.6190476190476191,
      0.1895734597156398
    ]
  },
  "strong_aug": {
    "epoch": 5,
    "macro_f1": 0.44797866240475576,
    "weighted_f1": 0.6409184919922665,
    "accuracy": 58.430913348946135,
    "per_class_f1": [
      0.4173441734417344,
      0.7685774946921443,
      0.2625482625482626,
      0.5952380952380952,
      0.19618528610354224
    ]
  },
  "light_aug": {
    "epoch": 5,
    "macro_f1": 0.4643154905402054,
    "weighted_f1": 0.6573745008475318,
    "accuracy": 60.48009367681498,
    "per_class_f1": [
      0.43360433604336046,
      0.785599140247179,
      0.3065134099616858,
      0.5370370370370371,
      0.2588235294117647
    ]
  },
  "geometric_only": {
    "epoch": 5,
    "macro_f1": 0.4204760787219481,
    "weighted_f1": 0.5841104410974699,
    "accuracy": 50.64402810304449,
    "per_class_f1": [
      0.31088082901554404,
      0.7197271176805002,
      0.29850746268656714,
      0.6249999999999999,
      0.14826498422712936
    ]
  }
}