{
  "mean_rgb": [
    0.5896285851600478,
    0.4462312201849898,
    0.33400409492383165
  ],
  "std_rgb": [
    0.16473914239778437,
    0.15718955352499955,
    0.17776910361641357
  ]
}