{
  "temperature": 0.6437551838349738,
  "ece_before": 0.16181978855535073,
  "ece_after": 0.10135462091454854
}
