{
  "temperature": 0.5657427533606184,
  "ece_before": 0.1497621362134486,
  "ece_after": 0.0371699054532639
}