{
  "train_loss": [
    0.5641853206347083,
    0.41214937883838315,
    0.37478710181802233,
    0.3573451716209126,
    0.3519280648259359,
    0.3388752385138351,
    0.3287733128973257,
    0.3162870448187133,
    0.30696248820173405,
    0.29102649449188017,
    0.2833532496033428,
    0.275188708834559,
    0.26963837093142706,
    0.260735088837481,
    0.258668492330569,
    0.25515697698030515,
    0.24448282132360422,
    0.24799518175771304,
    0.2395526833275211,
    0.24001644436861866,
    0.23365421401702355,
    0.22886403246182146,
    0.22002068771240868,
    0.21566863963815652,
    0.21996201835920878,
    0.21570843019496613,
    0.21613752149115098,
    0.2160837776680416,
    0.21174725197325242,
    0.20593669241137594,
    0.20614840191240622,
    0.20382092656376205,
    0.20063733546254792,
    0.19151160935653705,
    0.19439205234852908,
    0.19877325339573565,
    0.19579963417393026,
    0.19162066353955,
    0.19811005211461372,
    0.19459561425670285,
    0.20218186170976854,
    0.18713323242753466,
    0.1988414782229985,
    0.19767685091801893,
    0.19626055473339893
  ],
  "val_loss": [
    0.40232833723227185,
    0.324239536843918,
    0.30144229034582776,
    0.29569105831561265,
    0.28728952617556963,
    0.2780411825687797,
    0.2667582349644767,
    0.2574361208136435,
    0.24664581622238513,
    0.25880892712760856,
    0.23302302730304222,
    0.2309373419869829,
    0.22311696934479255,
    0.22030858364370134,
    0.21445132874780232,
    0.20944456452572788,
    0.45480494711686065,
    0.2023383380362281,
    0.1996773728341968,
    0.19328068514113073,
    0.1934328127514433,
    0.19310256687027436,
    0.18903263713474627,
    0.18672161521735015,
    0.1848817129653913,
    0.23808304151451146,
    0.18318154166142145,
    0.17884121724852808,
    0.1782466977558754,
    0.17777940962049696,
    0.24050227607841845,
    0.1741254699450952,
    0.1745382565315123,
    0.17445623488337905,
    0.17227660574846798,
    0.17132544586503948,
    0.17035579308867455,
    0.19577209817038643,
    0.23956217823757064,
    0.1714286657947081,
    0.17218547431683098,
    0.16940533135224273,
    0.17032560988984727,
    0.1690798966145074,
    0.1681384402844641
  ],
  "train_acc": [
    29.30327868852459,
    55.02049180327869,
    56.20608899297424,
    58.5480093676815,
    58.51873536299766,
    59.45550351288056,
    60.15807962529274,
    61.02166276346604,
    61.87060889929742,
    62.77810304449649,
    64.65163934426229,
    64.81264637002342,
    65.12002341920375,
    66.73009367681499,
    66.80327868852459,
    68.16451990632318,
    68.51580796252928,
    67.72540983606558,
    68.35480093676814,
    68.88173302107728,
    69.73067915690866,
    70.6235362997658,
    70.71135831381733,
    70.71135831381733,
    71.3407494145199,
    72.07259953161592,
    70.90163934426229,
    71.79449648711943,
    72.21896955503513,
    72.23360655737704,
    72.48243559718969,
    72.84836065573771,
    73.21428571428571,
    73.31674473067916,
    73.38992974238876,
    73.84367681498829,
    74.01932084309134,
    74.03395784543325,
    73.72658079625293,
    73.93149882903981,
    73.59484777517564,
    73.53629976580797,
    74.09250585480093,
    73.40456674473067,
    73.36065573770492
  ],
  "val_acc": [
    36.241217798594846,
    56.20608899297424,
    55.32786885245902,
    57.55269320843092,
    57.259953161592506,
    56.9672131147541,
    60.65573770491803,
    61.65105386416862,
    61.7096018735363,
    64.22716627634661,
    64.28571428571429,
    61.94379391100703,
    63.40749414519906,
    64.28571428571429,
    64.92974238875878,
    65.39812646370024,
    67.03747072599532,
    67.27166276346604,
    65.69086651053864,
    68.6768149882904,
    68.73536299765807,
    68.50117096018735,
    69.3208430913349,
    71.4871194379391,
    69.3208430913349,
    70.37470725995317,
    70.90163934426229,
    70.37470725995317,
    70.43325526932084,
    70.84309133489461,
    70.43325526932084,
    71.8384074941452,
    70.49180327868852,
    72.07259953161592,
    71.5456674473068,
    72.54098360655738,
    72.71662763466043,
    73.47775175644028,
    72.89227166276346,
    72.42388758782201,
    71.13583138173301,
    72.71662763466043,
    71.8384074941452,
    72.36533957845434,
    74.41451990632318
  ],
  "macro_f1": [
    0.2818042095906833,
    0.45335225818352065,
    0.45051035395837574,
    0.46766672541520987,
    0.46911713307464076,
    0.47025561336080557,
    0.49136039639159074,
    0.5017799763223492,
    0.49776780330128584,
    0.5289718431742734,
    0.541577428188627,
    0.5122115700324517,
    0.5387885921820266,
    0.5362289545132908,
    0.549791414621619,
    0.5440730414839412,
    0.5642212322763889,
    0.558319917955757,
    0.5445754599901866,
    0.5780838866423463,
    0.5822593620170098,
    0.5886099253788558,
    0.5806395423073747,
    0.6133576504119188,
    0.5883529603208604,
    0.6030673590009175,
    0.5989974605758515,
    0.6055468247334483,
    0.5995636481831854,
    0.612331929278548,
    0.6097445419929415,
    0.6208761434570846,
    0.6081018640869803,
    0.6220901942331994,
    0.6233491009973312,
    0.6369104134877388,
    0.6315573387868758,
    0.6404451648173517,
    0.63380516492265,
    0.6335011688663541,
    0.616526142441981,
    0.6385937889032294,
    0.6270296944902812,
    0.6391327296147138,
    0.6553415983701031
  ],
  "weighted_f1": [
    0.4433520115735757,
    0.6223251007062032,
    0.621204207422115,
    0.6341571042119395,
    0.6316149612572345,
    0.6317649044130039,
    0.660945476665898,
    0.6652096648900324,
    0.6672112643970488,
    0.6873149653458767,
    0.6903217021709396,
    0.6728569925678412,
    0.6795810570420149,
    0.6880341010939724,
    0.6937912937350397,
    0.6999545555228253,
    0.7066120988992605,
    0.7104717774124252,
    0.6975047612570633,
    0.7203029216283799,
    0.7204850942060381,
    0.7206458770614951,
    0.7252455717723949,
    0.7434288205189222,
    0.7274891108757162,
    0.7322935918049058,
    0.737411467760004,
    0.7344412823415002,
    0.7339849050668488,
    0.7361617060208022,
    0.7349028752324308,
    0.745809031761647,
    0.736136272496181,
    0.7470340972628062,
    0.7425862694925642,
    0.7502569667822571,
    0.7538731348858324,
    0.7577663413097149,
    0.7539737940836247,
    0.7486672789587856,
    0.7389515152735207,
    0.7535587709388262,
    0.7456019857916495,
    0.7488619589537315,
    0.7671703093023632
  ],
  "lr": [
    0.0003,
    0.00029969180891255043,
    0.0002987685020734869,
    3.3333333333333333e-06,
    6.666666666666667e-06,
    1e-05,
    9.987260573051268e-06,
    9.949107209404664e-06,
    9.885734329855798e-06,
    9.797464868072489e-06,
    9.68474862499881e-06,
    9.548159976772593e-06,
    9.388394947836278e-06,
    9.206267664155906e-06,
    9.002706204621802e-06,
    8.778747871771293e-06,
    8.535533905932739e-06,
    8.274303669726427e-06,
    7.996388332556735e-06,
    7.703204087277989e-06,
    7.396244933600285e-06,
    7.0770750650094335e-06,
    6.747320897995493e-06,
    6.408662784207149e-06,
    6.062826447764883e-06,
    5.711574191366427e-06,
    5.356695915996162e-06,
    5e-06,
    4.643304084003839e-06,
    4.2884258086335755e-06,
    3.937173552235117e-06,
    3.5913372157928515e-06,
    3.252679102004509e-06,
    2.9229249349905686e-06,
    2.603755066399718e-06,
    2.296795912722014e-06,
    2.0036116674432653e-06,
    1.7256963302735752e-06,
    1.4644660940672628e-06,
    1.2212521282287093e-06,
    9.972937953781985e-07,
    7.937323358440935e-07,
    6.116050521637218e-07,
    5.000000000000001e-07,
    5.000000000000001e-07
  ],