val_accuracy,macro_f1,weighted_f1,macro_auc,f1_Normal,f1_Diabetes/DR,f1_Glaucoma,f1_Cataract,f1_AMD
74.18032786885246,0.653906543006977,0.7646541292406075,0.950738113793949,0.6033149171270717,0.8488253319713994,0.5279187817258882,0.7894736842105263,0.5
