{
  "optimal_thresholds": {
    "0": 0.24000000000000005,
    "1": 0.21000000000000002,
    "2": 0.7000000000000002,
    "3": 0.7700000000000002,
    "4": 0.7900000000000001
  },
  "baseline": {
    "accuracy": 74.18032786885246,
    "macro_f1": 0.653906543006977,
    "weighted_f1": 0.7646541292406075,
    "macro_auc": 0.9507377003429168,
    "per_class_f1": {
      "Normal": 0.6033149171270717,
      "Diabetes/DR": 0.8488253319713994,
      "Glaucoma": 0.5279187817258882,
      "Cataract": 0.7894736842105263,
      "AMD": 0.5
    }
  },
  "optimized": {
    "accuracy": 78.62997658079625,
    "macro_f1": 0.7363732667890226,
    "weighted_f1": 0.7989870605950639,
    "macro_auc": 0.9507377003429168,
    "per_class_f1": {
      "Normal": 0.6775745909528393,
      "Diabetes/DR": 0.8569984840828702,
      "Glaucoma": 0.6240000000000001,
      "Cataract": 0.832116788321168,
      "AMD": 0.6911764705882354
    }
  }
}