{
  "train_loss": [
    0.5340000145206941,
    0.3918107188889913,
    0.3600584200330984,
    0.3397969732356963,
    0.31326211000157295,
    0.29146748419119933,
    0.26230413285649823,
    0.2434850232762711,
    0.22511648334493148,
    0.2082561325525569,
    0.1976207652103121,
    0.18556493656518303,
    0.1675541535646559,
    0.15847788305483132,
    0.14869624658304953,
    0.15023146181532712,
    0.14148473990297764,
    0.13914780780046343,
    0.12827915125570008,
    0.1232099046530289,
    0.11986049717274781,
    0.1136236121686541,
    0.1150036054689472,
    0.11203817142365134,
    0.10864682828955283,
    0.10504132107979505,
    0.10724960262321423,
    0.10422295600036595,
    0.10442460115964168,
    0.10301023806123255
  ],
  "val_loss": [
    0.3719748302742287,
    0.3162478636260386,
    0.2975300313146026,
    0.2827070399566933,
    0.26448913636030974,
    0.2543883512693423,
    0.24290458802823667,
    0.21949917988644707,
    0.20522200426569692,
    0.2205478811153659,
    0.19332727817473588,
    0.20061771682015173,
    0.1766791710699046,
    0.16937491815123293,
    0.1840383412523402,
    0.17131186932049416,
    0.16607711477964013,
    0.1598748375006296,
    0.15664076632647603,
    0.1560513766275512,
    0.1544565001019725,
    0.1528451238517408,
    0.15291765304627242,
    0.15104523121758742,
    0.1515297086702453,
    0.1506402444232393,
    0.15212541035617944,
    0.15102782059046957,
    0.15098529681563377,
    0.15089518997680257
  ],
  "train_acc": [
    42.69613583138173,
    59.98243559718969,
    61.79742388758782,
    62.836651053864166,
    64.41744730679157,
    66.59836065573771,
    69.45257611241217,
    71.0480093676815,
    72.45316159250585,
    74.80971896955504,
    75.36592505854802,
    77.06381733021077,
    77.97131147540983,
    79.62529274004685,
    81.10362997658079,
    81.51346604215456,
    81.64519906323186,
    81.98185011709602,
    82.15749414519907,
    83.59192037470726,
    83.59192037470726,
    83.48946135831382,
    84.17740046838408,
    84.29449648711943,
    84.32377049180327,
    84.45550351288057,
    84.35304449648712,
    84.44086651053864,
    84.73360655737704,
    85.26053864168618
  ],
  "val_acc": [
    61.59250585480094,
    59.660421545667454,
    59.250585480093676,
    60.36299765807962,
    67.09601873536299,
    63.875878220140514,
    64.5784543325527,
    68.44262295081968,
    68.9695550351288,
    69.3208430913349,
    71.95550351288055,
    69.43793911007026,
    75.40983606557377,
    77.92740046838408,
    76.288056206089,
    79.91803278688525,
    77.2248243559719,
    78.74707259953162,
    80.50351288056206,
    82.20140515222482,
    82.6112412177986,
    81.26463700234193,
    82.49414519906323,
    82.14285714285714,
    82.31850117096019,
    82.2599531615925,
    82.2599531615925,
    82.78688524590164,
    83.13817330210773,
    83.02107728337236
  ],
  "macro_f1": [
    0.48260472539473154,
    0.5002449414676758,
    0.5035864403534819,
    0.49468720294567425,
    0.5624200406206851,
    0.5448279055665501,
    0.5479395359007133,
    0.5906711410307092,
    0.5862479249731538,
    0.6032292678351158,
    0.619434586691475,
    0.6240949714838284,
    0.6767031414340416,
    0.7215251084648382,
    0.7111153802946953,
    0.7498379258523702,
    0.7032406441781986,
    0.7433659312572709,
    0.7619897196594565,
    0.8115133609185483,
    0.8300933220037692,
    0.8052258532979948,
    0.8083854811805132,
    0.8164783579508219,
    0.8293778529051924,
    0.8268631959105484,
    0.8193772819864797,
    0.834866222347831,
    0.8362640632087663,
    0.8381721751548724
  ],
  "weighted_f1": [
    0.6769747323222959,
    0.6651853608777283,
    0.6613311568164576,
    0.6683948769013909,
    0.7067410698590441,
    0.6918309030763633,
    0.6924414359425356,
    0.7153948919566274,
    0.723961054961695,
    0.7312241409331885,
    0.7460726987309134,
    0.7378635097819256,
    0.775444766723549,
    0.797454167503721,
    0.7815441538811982,
    0.811276614136714,
    0.7905453694162743,
    0.8025891401178908,
    0.8175471121096399,
    0.8313725189260756,
    0.8356163086580944,
    0.8230572757357684,
    0.8343576441192173,
    0.8307343932771056,
    0.8329521081519781,
    0.832168976784859,
    0.8319800325520149,
    0.8368985183588292,
    0.8401937433809091,
    0.8391946211459149
  ],
  "lr": [
    0.0003,
    0.00029912069357315393,
    0.000296493083356513,
    3.3333333333333333e-06,
    6.666666666666667e-06,
    1e-05,
    9.957224306869053e-06,
    9.829629131445342e-06,
    9.619397662556434e-06,
    9.330127018922195e-06,
    8.966766701456177e-06,
    8.535533905932739e-06,
    8.043807145043604e-06,
    7.500000000000001e-06,
    6.913417161825449e-06,
    6.294095225512604e-06,
    5.65263096110026e-06,
    5e-06,
    4.347369038899744e-06,
    3.705904774487396e-06,
    3.0865828381745515e-06,
    2.5000000000000015e-06,
    1.956192854956397e-06,
    1.4644660940672628e-06,
    1.0332332985438248e-06,
    6.698729810778065e-07,
    5.000000000000001e-07,
    5.000000000000001e-07,
    5.000000000000001e-07,
    5.000000000000001e-07
  ],
  "f1_Normal": [
    0.48628428927680795,
    0.41530054644808745,
    0.39376770538243633,
    0.4380952380952381,
    0.5553235908141962,
    0.4993849938499385,
    0.4920828258221681,
    0.5642633228840125,
    0.5525114155251142,
    0.5289256198347108,
    0.5779294653014789,
    0.5467800729040098,
    0.625,
    0.6567164179104478,
    0.6398390342052314,
    0.6708727655099894,
    0.6413867822318525,
    0.6645898234683283,
    0.6807165437302424,
    0.7167167167167169,
    0.7200000000000001,
    0.7177497575169738,
    0.7217741935483871,
    0.7138584247258224,
    0.7222222222222221,
    0.7205452775073029,
    0.7168316831683169,
    0.7308066083576288,
    0.7317073170731707,
    0.7306201550387597
  ],
  "f1_Diabetes/DR": [
    0.7935135135135135,
    0.7928610059491618,
    0.7928610059491618,
    0.7922077922077922,
    0.7967654986522911,
    0.7954668105774421,
    0.798708288482239,
    0.8,
    0.8188061278394084,
    0.8340248962655602,
    0.8368720870015537,
    0.8311552535284893,
    0.8526262111167772,
    0.8643469490670701,
    0.8474576271186441,
    0.8748144482929243,
    0.8639352554375316,
    0.8645096056622851,
    0.8781700646444556,
    0.874687968047928,
    0.8756864702945582,
    0.8623666835957339,
    0.8786069651741294,
    0.8735632183908045,
    0.8706592853548063,
    0.8705289672544081,
    0.8735632183908045,
    0.8723618090452262,
    0.8771228771228771,
    0.8754377188594297
  ],
  "f1_Glaucoma": [
    0.3412698412698413,
    0.35833333333333334,
    0.34909090909090906,
    0.3805309734513274,
    0.40566037735849064,
    0.4117647058823529,
    0.36305732484076436,
    0.5112107623318386,
    0.4634146341463414,
    0.3741935483870968,
    0.5989304812834224,
    0.5714285714285714,
    0.5370370370370371,
    0.6627218934911242,
    0.6257668711656441,
    0.6666666666666666,
    0.6063829787234043,
    0.6483516483516484,
    0.6783625730994152,
    0.811188811188811,
    0.7887323943661972,
    0.832116788321168,
    0.7887323943661972,
    0.7837837837837838,
    0.8088235294117647,
    0.8169014084507041,
    0.8000000000000002,
    0.8507462686567164,
    0.8444444444444444,
    0.8333333333333333
  ],