{
  "train_loss": [
    0.5782955766559761,
    0.4079228491287365,
    0.3741483200237016,
    0.34052397415181185,
    0.3006701229888702,
    0.2797970161120468,
    0.25719472403838256,
    0.22332076606488674,
    0.2115757784971567,
    0.19201949559082496,
    0.18291212573090446,
    0.16808253592837638,
    0.15316450148472718,
    0.1446859479542369,
    0.13962612348112546,
    0.12933733416982343,
    0.11961553689684266,
    0.11790756593136309,
    0.10705746593667526,
    0.1056015154990916,
    0.09813005486764362,
    0.08686704841381479,
    0.08657712660834332,
    0.08458950912806197,
    0.07842471883153525,
    0.07577151862608496,
    0.07323781131966928,
    0.0731308623956882,
    0.07336113234616329,
    0.07059741365749424
  ],
  "val_loss": [
    0.4007993550212295,
    0.3323531672358513,
    0.31449838479359943,
    0.2889485088763414,
    0.25752135476580373,
    0.2470960628103327,
    0.2440778836607933,
    0.2057811690977326,
    0.20311392098665237,
    0.19378694160668938,
    0.1856031393011411,
    0.17649507688151467,
    0.16789950920199906,
    0.1573162208552714,
    0.15807295183616657,
    0.1524736129299358,
    0.1535134201662408,
    0.15378416453798613,
    0.14920911089413696,
    0.14987514713020236,
    0.14435821337004504,
    0.14501266788553308,
    0.14779240506942626,
    0.14947203701982895,
    0.15039879759704625,
    0.1473389612165866,
    0.14637748383123567,
    0.14901750645151846,
    0.14732596271291928,
    0.1481241563817969
  ],
  "train_acc": [
    35.15807962529274,
    52.70784543325527,
    57.113583138173304,
    57.40632318501171,
    60.2019906323185,
    63.52459016393443,
    68.0327868852459,
    69.87704918032787,
    71.3407494145199,
    74.56088992974239,
    75.48302107728337,
    76.63934426229508,
    77.5907494145199,
    78.67388758782201,
    79.84484777517564,
    80.63524590163935,
    81.44028103044496,
    81.58665105386417,
    82.46487119437938,
    82.49414519906323,
    82.96252927400468,
    83.94320843091334,
    84.39695550351288,
    84.08957845433255,
    84.51405152224824,
    84.82142857142857,
    84.80679156908666,
    85.21662763466043,
    84.76288056206089,
    85.17271662763466
  ],
  "val_acc": [
    46.77985948477752,
    54.039812646370024,
    50.87822014051522,
    55.26932084309133,
    61.124121779859486,
    57.377049180327866,
    62.704918032786885,
    66.62763466042153,
    74.18032786885246,
    72.8337236533958,
    72.42388758782201,
    72.42388758782201,
    73.06791569086651,
    77.28337236533957,
    76.99063231850117,
    78.10304449648712,
    79.50819672131148,
    79.56674473067916,
    81.67447306791568,
    79.85948477751757,
    80.85480093676814,
    81.55737704918032,
    80.6791569086651,
    81.79156908665105,
    82.37704918032787,
    81.73302107728337,
    81.73302107728337,
    82.31850117096019,
    82.14285714285714,
    82.2599531615925
  ],
  "macro_f1": [
    0.3659220672606509,
    0.46351006025114455,
    0.4215117996164664,
    0.4587998554684346,
    0.4971834413482467,
    0.47145161087193443,
    0.4781354729008516,
    0.5528712013849498,
    0.6440008337194887,
    0.6142559072372008,
    0.6448860422704026,
    0.6324288328789364,
    0.6417544596302376,
    0.71247406510636,
    0.7019355240223278,
    0.7389410973982571,
    0.7621132868058377,
    0.7610291733392434,
    0.7861112116146067,
    0.7714400188881101,
    0.7920317184968457,
    0.8026089701876282,
    0.8006552819608466,
    0.8117245201228125,
    0.8071101970369247,
    0.8081707994958318,
    0.8080437869584898,
    0.8184844852845299,
    0.8086314071105626,
    0.8207391181706672
  ],
  "weighted_f1": [
    0.5449187749433342,
    0.6037136611445542,
    0.5825683360628942,
    0.6186047828823754,
    0.6641008287098655,
    0.6310041422290446,
    0.674523909647332,
    0.7076817422245335,
    0.763319048485539,
    0.7558027680717165,
    0.7482155391037195,
    0.7532174889478602,
    0.7552233374103713,
    0.7888475971707798,
    0.7863853108893812,
    0.7948259599966061,
    0.8069767710038779,
    0.8081701418875014,
    0.8264297757844844,
    0.8099484361012818,
    0.8192944682663201,
    0.8253142501838678,
    0.8170293704142227,
    0.8274302953181532,
    0.8327778711280355,
    0.8264405821494152,
    0.8265953070106189,
    0.8321689658467608,
    0.830442515236738,
    0.8316232070213112
  ],
  "lr": [
    0.0003,
    0.00029912069357315393,
    0.000296493083356513,
    3.3333333333333333e-06,
    6.666666666666667e-06,
    1e-05,
    9.957224306869053e-06,
    9.829629131445342e-06,
    9.619397662556434e-06,
    9.330127018922195e-06,
    8.966766701456177e-06,
    8.535533905932739e-06,
    8.043807145043604e-06,
    7.500000000000001e-06,
    6.913417161825449e-06,
    6.294095225512604e-06,
    5.65263096110026e-06,
    5e-06,
    4.347369038899744e-06,
    3.705904774487396e-06,
    3.0865828381745515e-06,
    2.5000000000000015e-06,
    1.956192854956397e-06,
    1.4644660940672628e-06,
    1.0332332985438248e-06,
    6.698729810778065e-07,
    5.000000000000001e-07,
    5.000000000000001e-07,
    5.000000000000001e-07,
    5.000000000000001e-07
  ],
  "f1_Normal": [
    0.2928452579034942,
    0.47144592952612396,
    0.29391891891891886,
    0.4218958611481976,
    0.509895227008149,
    0.4458598726114649,
    0.4413793103448276,
    0.5175332527206771,
    0.6095238095238096,
    0.5767012687427912,
    0.6231155778894473,
    0.5968819599109132,
    0.6277836691410391,
    0.6639593908629441,
    0.652128764278297,
    0.6861030126336248,
    0.6919339164237123,
    0.6897918731417246,
    0.7096114519427404,
    0.7078109932497589,
    0.705539358600583,
    0.7230320699708453,
    0.7136060894386299,
    0.7244701348747591,
    0.7292490118577074,
    0.7267441860465116,
    0.7258687258687259,
    0.7288629737609329,
    0.7297560975609757,
    0.7302504816955683
  ],
  "f1_Diabetes/DR": [
    0.678342089900759,
    0.6861143523920653,
    0.7228229937393283,
    0.7279954571266326,
    0.7610619469026548,
    0.7367231638418078,
    0.8082627118644068,
    0.8137931034482758,
    0.8474923234390993,
    0.8546659867414584,
    0.8177966101694915,
    0.838006230529595,
    0.8285264813843733,
    0.8513030148185999,
    0.854230377166157,
    0.8459556929417825,
    0.8580152671755725,
    0.8606307222787384,
    0.8764267990074441,
    0.8542199488491049,
    0.8648101265822784,
    0.865520728008089,
    0.8559754851889684,
    0.8659585230146686,
    0.8743114672008012,
    0.8646464646464647,
    0.8653846153846154,
    0.87035175879397,
    0.8700906344410877,
    0.8683812405446294
  ],
  "f1_Glaucoma": [
    0.21487603305785125,
    0.23043478260869565,
    0.2163265306122449,
    0.24940047961630696,
    0.35398230088495575,
    0.3055555555555556,
    0.401673640167364,
    0.3829787234042553,
    0.5747126436781609,
    0.46491228070175433,
    0.6172839506172839,
    0.5201793721973094,
    0.6179775280898876,
    0.6235294117647059,
    0.6835443037974683,
    0.7412587412587414,
    0.7066666666666668,
    0.6962025316455696,
    0.7482993197278911,
    0.7883211678832117,
    0.7552447552447552,
    0.7714285714285716,
    0.7769784172661871,
    0.8244274809160306,
    0.8244274809160306,
    0.8120300751879699,
    0.8,
    0.8503937007874016,
    0.7941176470588235,
    0.84375
  ],