val_accuracy,macro_f1,weighted_f1,macro_auc,f1_Normal,f1_Diabetes/DR,f1_Glaucoma,f1_Cataract,f1_AMD
82.2599531615925,0.8207391181706672,0.8316232070213112,0.96729783568971,0.7302504816955683,0.8683812405446294,0.84375,0.8613138686131387,0.8
