{
  "optimal_thresholds": {
    "0": 0.5400000000000001,
    "1": 0.24000000000000005,
    "2": 0.8100000000000002,
    "3": 0.9300000000000002,
    "4": 0.8500000000000002
  },
  "baseline": {
    "accuracy": 82.2599531615925,
    "macro_f1": 0.8207391181706672,
    "weighted_f1": 0.8316232070213112,
    "per_class_f1": {
      "Normal": 0.7302504816955683,
      "Diabetes/DR": 0.8683812405446294,
      "Glaucoma": 0.84375,
      "Cataract": 0.8613138686131387,
      "AMD": 0.8
    }
  },
  "optimized": {
    "accuracy": 84.4847775175644,
    "macro_f1": 0.8400784994441797,
    "weighted_f1": 0.851934131416118,
    "per_class_f1": {
      "Normal": 0.7459349593495935,
      "Diabetes/DR": 0.8905180840664711,
      "Glaucoma": 0.8709677419354839,
      "Cataract": 0.874074074074074,
      "AMD": 0.8188976377952756
    }
  }
}